id,VehicleMake,Year
1,ALFA ROMEO,2019
2,ALFA ROMEO,2015
3,AUDI,2015
4,KIA,2015
5,OPEL,2015
6,TATA,2015
7,BIRKIN,2015
8,BIRKIN,2019
9,CITROEN,2015
10,FORD,2015
11,FORD,2019
12,HYUNDAI,2015
13,LEXUS,2015
14,MAZDA,2015
15,MAZDA,2019
16,MERCEDES-BENZ,2015
17,MINI,2015
18,MINI,2019
19,SUZUKI,2015
20,SUZUKI,2019
21,TOYOTA,2015
22,TOYOTA,2019
23,VOLKSWAGEN,2015
24,BMW,2015
25,BMW,2019
26,GWM,2015
27,NISSAN,2015
28,RENAULT,2015
29,VOLKSWAGEN,2019
30,VOLVO,2015
31,CHERY,2015
32,FIAT,2015
33,HONDA,2015
34,ISUZU,2015
35,ISUZU,2019
36,JEEP,2015
37,JEEP,2019
38,PEUGEOT,2015
39,PEUGEOT,2019
40,JAGUAR,2015
41,JAGUAR,2019
42,LAND ROVER,2015
43,LAND ROVER,2019
44,MAHINDRA,2015
45,MERCEDES-BENZ,2019
46,PORSCHE,2015
47,ABARTH,2015
48,DATSUN,2015
49,JMC,2015
50,MG,2015
51,SSANGYONG,2015
52,CHEVROLET,2015
53,DODGE,2015
54,HAJADU,2015
55,JINBEI,2015
56,SUBARU,2015
57,FAW,2015
58,AC,2015
59,ASTON,2015
60,BACKDRAFT,2015
61,B.A.W,2015
62,BENTLEY,2015
63,C.A.M,2015
64,CHANA,2015
65,CHRYSLER,2015
66,CMC,2015
67,DAIHATSU,2015
68,DFSK,2015
69,FERRARI,2015
70,FOTON,2015
71,FORCE,2015
72,GOLDEN JOURNEY,2015
73,GEELY,2015
74,HAFEI,2015
75,HAISE,2015
76,INFINITI,2015
77,KTM,2015
78,LAMBORGHINI,2015
79,LOTUS,2015
80,MASERATI,2015
81,MCLAREN,2015
82,MITSUBISHI,2015
83,MORGAN,2015
84,NANFENG,2015
85,POLARSUN,2015
86,ROLLS ROYCE,2015
87,SAIC,2015
88,SECMA,2015
89,US TRUCK,2015
90,ZOTYE,2015
91,ZX AUTO,2015
92,AUDI,2014
93,FIAT,2014
94,FORD,2014
95,LAND ROVER,2014
96,MERCEDES-BENZ,2014
97,NISSAN,2014
98,VOLKSWAGEN,2014
99,CMC,2014
100,CITROEN,2014
101,FOTON,2014
102,GWM,2014
103,HYUNDAI,2014
104,INFINITI,2014
105,KIA,2014
106,PORSCHE,2014
107,VOLVO,2014
108,LAMBORGHINI,2014
109,MINI,2014
110,TOYOTA,2014
111,ALFA ROMEO,2014
112,DATSUN,2014
113,HONDA,2014
114,MAZDA,2014
115,SUZUKI,2014
116,BMW,2014
117,JMC,2014
118,RENAULT,2014
119,SAIC,2014
120,MITSUBISHI,2014
121,JAGUAR,2014
122,SUBARU,2014
123,JEEP,2014
124,MCLAREN,2014
125,PEUGEOT,2014
126,ROLLS ROYCE,2014
127,TATA,2014
128,JINBEI,2014
129,LEXUS,2014
130,MAHINDRA,2014
131,OPEL,2014
132,ASTON,2014
133,CHEVROLET,2014
134,DAIHATSU,2014
135,AC,2014
136,ABARTH,2014
137,BACKDRAFT,2014
138,B.A.W,2014
139,BENTLEY,2014
140,C.A.M,2014
141,CHANA,2014
142,CHERY,2014
143,CHRYSLER,2014
144,DFM,2014
145,DFSK,2014
146,DMC,2014
147,DODGE,2014
148,FAW,2014
149,FERRARI,2014
150,FORCE,2014
151,FUDI,2014
152,GOLDEN JOURNEY,2014
153,GONOW,2014
154,GEELY,2014
155,HAFEI,2014
156,HAISE,2014
157,HAJADU,2014
158,ISUZU,2014
159,KTM,2014
160,LOTUS,2014
161,MASERATI,2014
162,MG,2014
163,MORGAN,2014
164,NANFENG,2014
165,POLARSUN,2014
166,PROTON,2014
167,SECMA,2014
168,SMART,2014
169,SSANGYONG,2014
170,US TRUCK,2014
171,ZOTYE,2014
172,ZX AUTO,2014
173,AUDI,2013
174,CHERY,2013
175,CITROEN,2013
176,FOTON,2013
177,HYUNDAI,2013
178,KIA,2013
179,SUBARU,2013
180,TOYOTA,2013
181,ASTON,2013
182,BMW,2013
183,CHEVROLET,2013
184,FIAT,2013
185,GWM,2013
186,HONDA,2013
187,JAGUAR,2013
188,PORSCHE,2013
189,AC,2013
190,FAW,2013
191,FORD,2013
192,JEEP,2013
193,JINBEI,2013
194,LAND ROVER,2013
195,LEXUS,2013
196,VOLKSWAGEN,2013
197,MAHINDRA,2013
198,NISSAN,2013
199,OPEL,2013
200,PEUGEOT,2013
201,RENAULT,2013
202,TATA,2013
203,DODGE,2013
204,GEELY,2013
205,ISUZU,2013
206,JMC,2013
207,MERCEDES-BENZ,2013
208,MITSUBISHI,2013
209,VOLVO,2013
210,SAIC,2013
211,CHANA,2013
212,MINI,2013
213,ABARTH,2013
214,ALFA ROMEO,2013
215,BACKDRAFT,2013
216,B.A.W,2013
217,BENTLEY,2013
218,C.A.M,2013
219,CHRYSLER,2013
220,CMC,2013
221,DAIHATSU,2013
222,DFM,2013
223,DFSK,2013
224,DMC,2013
225,FERRARI,2013
226,FORCE,2013
227,FUDI,2013
228,GOLDEN JOURNEY,2013
229,GONOW,2013
230,HAFEI,2013
231,HAISE,2013
232,HAJADU,2013
233,INFINITI,2013
234,IVECO,2013
235,KTM,2013
236,LAMBORGHINI,2013
237,LOTUS,2013
238,MASERATI,2013
239,MAZDA,2013
240,MEIYA,2013
241,MCLAREN,2013
242,MG,2013
243,MORGAN,2013
244,NANFENG,2013
245,POLARSUN,2013
246,PROTON,2013
247,SMART,2013
248,SSANGYONG,2013
249,SUZUKI,2013
250,TRIUMPH,2013
251,US TRUCK,2013
252,ZOTYE,2013
253,ZX AUTO,2013
254,AUDI,2012
255,TOYOTA,2012
256,BMW,2012
257,CHERY,2012
258,HONDA,2012
259,HYUNDAI,2012
260,MAHINDRA,2012
261,MERCEDES-BENZ,2012
262,PORSCHE,2012
263,CHEVROLET,2012
264,CITROEN,2012
265,FAW,2012
266,FOTON,2012
267,FORD,2012
268,JAGUAR,2012
269,LAND ROVER,2012
270,RENAULT,2012
271,SUZUKI,2012
272,VOLKSWAGEN,2012
273,MITSUBISHI,2012
274,SAIC,2012
275,SSANGYONG,2012
276,TATA,2012
277,VOLVO,2012
278,FIAT,2012
279,GWM,2012
280,MINI,2012
281,PEUGEOT,2012
282,CHRYSLER,2012
283,HAJADU,2012
284,INFINITI,2012
285,KIA,2012
286,GEELY,2012
287,JEEP,2012
288,LEXUS,2012
289,MAZDA,2012
290,ALFA ROMEO,2012
291,CMC,2012
292,OPEL,2012
293,PROTON,2012
294,DODGE,2012
295,SUBARU,2012
296,ZOTYE,2012
297,ABARTH,2012
298,ASTON,2012
299,BACKDRAFT,2012
300,BENTLEY,2012
301,C.A.M,2012
302,CHANA,2012
303,DAIHATSU,2012
304,DFM,2012
305,DFSK,2012
306,DMC,2012
307,DTV,2012
308,FERRARI,2012
309,FORCE,2012
310,FUDI,2012
311,GOLDEN JOURNEY,2012
312,GONOW,2012
313,HAFEI,2012
314,HAISE,2012
315,ISUZU,2012
316,IVECO,2012
317,JINBEI,2012
318,JMC,2012
319,KTM,2012
320,LAMBORGHINI,2012
321,LOTUS,2012
322,MASERATI,2012
323,MEIYA,2012
324,MCLAREN,2012
325,MG,2012
326,MORGAN,2012
327,NANFENG,2012
328,NISSAN,2012
329,POLARSUN,2012
330,SMART,2012
331,TRIUMPH,2012
332,US TRUCK,2012
333,ZX AUTO,2012
334,ABARTH,2011
335,CHEVROLET,2011
336,DFSK,2011
337,HONDA,2011
338,JEEP,2011
339,LAND ROVER,2011
340,PROTON,2011
341,TOYOTA,2011
342,BMW,2011
343,CITROEN,2011
344,FORD,2011
345,GWM,2011
346,HYUNDAI,2011
347,KIA,2011
348,LEXUS,2011
349,MERCEDES-BENZ,2011
350,NISSAN,2011
351,PORSCHE,2011
352,GOLDEN JOURNEY,2011
353,JAGUAR,2011
354,KTM,2011
355,MG,2011
356,PEUGEOT,2011
357,RENAULT,2011
358,SUZUKI,2011
359,ALFA ROMEO,2011
360,MAHINDRA,2011
361,MITSUBISHI,2011
362,MINI,2011
363,SSANGYONG,2011
364,VOLKSWAGEN,2011
365,AUDI,2011
366,CMC,2011
367,GEELY,2011
368,LAMBORGHINI,2011
369,C.A.M,2011
370,CHANA,2011
371,FIAT,2011
372,VOLVO,2011
373,JMC,2011
374,ISUZU,2011
375,ZX AUTO,2011
376,SUBARU,2011
377,ASTON,2011
378,BACKDRAFT,2011
379,BENTLEY,2011
380,CHERY,2011
381,CHRYSLER,2011
382,DAIHATSU,2011
383,DFM,2011
384,DMC,2011
385,DODGE,2011
386,DTV,2011
387,FERRARI,2011
388,FOTON,2011
389,FORCE,2011
390,FUDI,2011
391,GONOW,2011
392,HAFEI,2011
393,HAISE,2011
394,HAJADU,2011
395,IVECO,2011
396,JINBEI,2011
397,LOTUS,2011
398,MASERATI,2011
399,MAZDA,2011
400,MEIYA,2011
401,MORGAN,2011
402,NANFENG,2011
403,OPEL,2011
404,POLARSUN,2011
405,SMART,2011
406,TATA,2011
407,TRIUMPH,2011
408,US TRUCK,2011
409,ZOTYE,2011
410,AUDI,2010
411,BMW,2010
412,FERRARI,2010
413,FUDI,2010
414,HONDA,2010
415,JEEP,2010
416,LAND ROVER,2010
417,MAZDA,2010
418,MERCEDES-BENZ,2010
419,NISSAN,2010
420,SMART,2010
421,TOYOTA,2010
422,VOLKSWAGEN,2010
423,ALFA ROMEO,2010
424,CITROEN,2010
425,FORD,2010
426,MINI,2010
427,RENAULT,2010
428,TATA,2010
429,TRIUMPH,2010
430,FIAT,2010
431,GEELY,2010
432,GWM,2010
433,HYUNDAI,2010
434,LEXUS,2010
435,OPEL,2010
436,PEUGEOT,2010
437,PORSCHE,2010
438,VOLVO,2010
439,FOTON,2010
440,GOLDEN JOURNEY,2010
441,ISUZU,2010
442,SUBARU,2010
443,JAGUAR,2010
444,JINBEI,2010
445,KIA,2010
446,CHEVROLET,2010
447,DAIHATSU,2010
448,GONOW,2010
449,ZX AUTO,2010
450,HAJADU,2010
451,MITSUBISHI,2010
452,SUZUKI,2010
453,C.A.M,2010
454,DODGE,2010
455,MEIYA,2010
456,LOTUS,2010
457,MAHINDRA,2010
458,JMC,2010
459,US TRUCK,2010
460,ASTON,2010
461,BACKDRAFT,2010
462,BENTLEY,2010
463,CADILLAC,2010
464,CHANA,2010
465,CHERY,2010
466,CHRYSLER,2010
467,CMC,2010
468,DFM,2010
469,DMC,2010
470,DTV,2010
471,FORCE,2010
472,HAFEI,2010
473,HAISE,2010
474,IVECO,2010
475,MASERATI,2010
476,MORGAN,2010
477,NANFENG,2010
478,POLARSUN,2010
479,PROTON,2010
480,SSANGYONG,2010
481,ZOTYE,2010
482,CMC,2009
483,HYUNDAI,2009
484,LEXUS,2009
485,PEUGEOT,2009
486,ZOTYE,2009
487,AUDI,2009
488,BMW,2009
489,FIAT,2009
490,FORD,2009
491,GEELY,2009
492,GWM,2009
493,KIA,2009
494,MAHINDRA,2009
495,MAZDA,2009
496,NISSAN,2009
497,SUZUKI,2009
498,TOYOTA,2009
499,VOLKSWAGEN,2009
500,VOLVO,2009
501,CHERY,2009
502,DAIHATSU,2009
503,FOTON,2009
504,LAND ROVER,2009
505,MERCEDES-BENZ,2009
506,MITSUBISHI,2009
507,PORSCHE,2009
508,SUBARU,2009
509,TATA,2009
510,CHEVROLET,2009
511,RENAULT,2009
512,MINI,2009
513,FORCE,2009
514,ALFA ROMEO,2009
515,HUMMER,2009
516,JAGUAR,2009
517,SMART,2009
518,OPEL,2009
519,BENTLEY,2009
520,ASTON,2009
521,BACKDRAFT,2009
522,CADILLAC,2009
523,C.A.M,2009
524,CHANA,2009
525,CHRYSLER,2009
526,CITROEN,2009
527,DFM,2009
528,DMC,2009
529,DODGE,2009
530,DTV,2009
531,FUDI,2009
532,GONOW,2009
533,HAFEI,2009
534,HAISE,2009
535,HONDA,2009
536,ISUZU,2009
537,IVECO,2009
538,JEEP,2009
539,LOTUS,2009
540,MASERATI,2009
541,MORGAN,2009
542,NANFENG,2009
543,POLARSUN,2009
544,PROTON,2009
545,SAAB,2009
546,SSANGYONG,2009
547,SOYAT,2009
548,US TRUCK,2009
549,ZX AUTO,2009
550,C.A.M,2008
551,CITROEN,2008
552,FIAT,2008
553,GONOW,2008
554,MERCEDES-BENZ,2008
555,TOYOTA,2008
556,VOLKSWAGEN,2008
557,AUDI,2008
558,BMW,2008
559,KIA,2008
560,MASERATI,2008
561,NISSAN,2008
562,PROTON,2008
563,ZX AUTO,2008
564,CMC,2008
565,FORD,2008
566,HAISE,2008
567,HONDA,2008
568,HYUNDAI,2008
569,LAND ROVER,2008
570,MITSUBISHI,2008
571,PEUGEOT,2008
572,RENAULT,2008
573,BACKDRAFT,2008
574,CADILLAC,2008
575,CHANA,2008
576,LEXUS,2008
577,MINI,2008
578,SUZUKI,2008
579,VOLVO,2008
580,CHEVROLET,2008
581,CHRYSLER,2008
582,DODGE,2008
583,NANFENG,2008
584,SUBARU,2008
585,DFM,2008
586,HAFEI,2008
587,MAZDA,2008
588,TATA,2008
589,US TRUCK,2008
590,DAIHATSU,2008
591,JAGUAR,2008
592,JEEP,2008
593,SAAB,2008
594,ASTON,2008
595,LOTUS,2008
596,CHERY,2008
597,OPEL,2008
598,SSANGYONG,2008
599,GWM,2008
600,POLARSUN,2008
601,PORSCHE,2008
602,ALFA ROMEO,2008
603,BENTLEY,2008
604,DTV,2008
605,FOTON,2008
606,FORCE,2008
607,FUDI,2008
608,GEELY,2008
609,HUMMER,2008
610,ISUZU,2008
611,IVECO,2008
612,MAHINDRA,2008
613,MEIYA,2008
614,MORGAN,2008
615,SMART,2008
616,SOYAT,2008
617,DODGE,2007
618,FORCE,2007
619,BMW,2007
620,CHEVROLET,2007
621,MAZDA,2007
622,MERCEDES-BENZ,2007
623,MINI,2007
624,PEUGEOT,2007
625,TATA,2007
626,TOYOTA,2007
627,AUDI,2007
628,BENTLEY,2007
629,DAIHATSU,2007
630,GONOW,2007
631,GEELY,2007
632,HYUNDAI,2007
633,ISUZU,2007
634,LAND ROVER,2007
635,MITSUBISHI,2007
636,NISSAN,2007
637,OPEL,2007
638,RENAULT,2007
639,SUBARU,2007
640,C.A.M,2007
641,FORD,2007
642,PORSCHE,2007
643,VOLVO,2007
644,FIAT,2007
645,HONDA,2007
646,JEEP,2007
647,MAHINDRA,2007
648,SSANGYONG,2007
649,VOLKSWAGEN,2007
650,ALFA ROMEO,2007
651,CHANA,2007
652,DFM,2007
653,FUDI,2007
654,JAGUAR,2007
655,KIA,2007
656,SOYAT,2007
657,CHRYSLER,2007
658,FOTON,2007
659,MEIYA,2007
660,GWM,2007
661,HUMMER,2007
662,LOTUS,2007
663,SEAT,2007
664,CADILLAC,2007
665,ASTON,2007
666,CITROEN,2007
667,DTV,2007
668,IVECO,2007
669,LEXUS,2007
670,MORGAN,2007
671,PROTON,2007
672,SAAB,2007
673,SMART,2007
674,PEUGEOT,2006
675,LEXUS,2006
676,MAZDA,2006
677,MERCEDES-BENZ,2006
678,OPEL,2006
679,TATA,2006
680,VOLKSWAGEN,2006
681,VOLVO,2006
682,ALFA ROMEO,2006
683,AUDI,2006
684,BMW,2006
685,DAIHATSU,2006
686,FIAT,2006
687,FORD,2006
688,HYUNDAI,2006
689,JAGUAR,2006
690,KIA,2006
691,NISSAN,2006
692,PORSCHE,2006
693,SSANGYONG,2006
694,SUBARU,2006
695,TOYOTA,2006
696,CHANA,2006
697,HONDA,2006
698,CHRYSLER,2006
699,CITROEN,2006
700,DODGE,2006
701,JEEP,2006
702,MAHINDRA,2006
703,RENAULT,2006
704,B.A.W,2006
705,CHEVROLET,2006
706,SEAT,2006
707,MINI,2006
708,BENTLEY,2006
709,MITSUBISHI,2006
710,PROTON,2006
711,ASTON,2006
712,DTV,2006
713,ISUZU,2006
714,IVECO,2006
715,LAND ROVER,2006
716,LOTUS,2006
717,NOBLE,2006
718,SAAB,2006
719,SMART,2006
720,SUZUKI,2006
721,TVR,2006
722,AUDI,2005
723,BMW,2005
724,DAIHATSU,2005
725,CHEVROLET,2005
726,CHRYSLER,2005
727,CITROEN,2005
728,DTV,2005
729,FIAT,2005
730,MAZDA,2005
731,NISSAN,2005
732,OPEL,2005
733,PORSCHE,2005
734,SSANGYONG,2005
735,SUBARU,2005
736,TOYOTA,2005
737,VOLVO,2005
738,FORD,2005
739,HONDA,2005
740,HYUNDAI,2005
741,JAGUAR,2005
742,KIA,2005
743,MERCEDES-BENZ,2005
744,PEUGEOT,2005
745,VOLKSWAGEN,2005
746,HUMMER,2005
747,LAND ROVER,2005
748,RENAULT,2005
749,MAHINDRA,2005
750,PROTON,2005
751,TATA,2005
752,ALFA ROMEO,2005
753,ISUZU,2005
754,IVECO,2005
755,JEEP,2005
756,LOTUS,2005
757,MITSUBISHI,2005
758,ASTON,2005
759,FAW,2005
760,LEXUS,2005
761,MINI,2005
762,NOBLE,2005
763,SAAB,2005
764,SMART,2005
765,SUZUKI,2005
766,TVR,2005
767,MAHINDRA,2004
768,TATA,2004
769,TVR,2004
770,VOLKSWAGEN,2004
771,ALFA ROMEO,2004
772,DAIHATSU,2004
773,HONDA,2004
774,HYUNDAI,2004
775,JEEP,2004
776,KIA,2004
777,MITSUBISHI,2004
778,MINI,2004
779,NISSAN,2004
780,PEUGEOT,2004
781,PORSCHE,2004
782,RENAULT,2004
783,SAAB,2004
784,SUBARU,2004
785,AUDI,2004
786,CHRYSLER,2004
787,FIAT,2004
788,ISUZU,2004
789,OPEL,2004
790,TOYOTA,2004
791,VOLVO,2004
792,BMW,2004
793,JAGUAR,2004
794,MAZDA,2004
795,ROVER,2004
796,SMART,2004
797,IVECO,2004
798,MERCEDES-BENZ,2004
799,SSANGYONG,2004
800,CHEVROLET,2004
801,CITROEN,2004
802,FORD,2004
803,MG,2004
804,LAND ROVER,2004
805,ASTON,2004
806,FAW,2004
807,FERRARI,2004
808,LAMBORGHINI,2004
809,LEXUS,2004
810,LOTUS,2004
811,NOBLE,2004
812,SUZUKI,2004
813,CITROEN,2003
814,CHRYSLER,2003
815,FIAT,2003
816,MG,2003
817,BMW,2003
818,CHEVROLET,2003
819,HONDA,2003
820,Hyundai,2003
821,Jeep,2003
822,Kia,2003
823,MAZDA,2003
824,OPEL,2003
825,PORSCHE,2003
826,RENAULT,2003
827,SUBARU,2003
828,Toyota,2003
829,VOLVO,2003
830,Audi,2003
831,FORD,2003
832,LAND ROVER,2003
833,MITSUBISHI,2003
834,MERCEDES-BENZ,2003
835,NISSAN,2003
836,VOLKSWAGEN,2003
837,Jaguar,2003
838,Peugeot,2003
839,Rover,2003
840,Smart,2003
841,Isuzu,2003
842,ALFA ROMEO,2003
843,Daihatsu,2003
844,LEXUS,2003
845,BENTLEY,2003
846,FAW,2003
847,FERRARI,2003
848,LOTUS,2003
849,Mini,2003
850,Saab,2003
851,SSANGYONG,2003
852,Suzuki,2003
853,Kia,2002
854,Saab,2002
855,Audi,2002
856,Jeep,2002
857,MERCEDES-BENZ,2002
858,Toyota,2002
859,Volvo,2002
860,Citroen,2002
861,Ford,2002
862,LAND ROVER,2002
863,MG,2002
864,MITSUBISHI,2002
865,NISSAN,2002
866,OPEL,2002
867,Peugeot,2002
868,SSANGYONG,2002
869,Subaru,2002
870,VOLKSWAGEN,2002
871,ALFA ROMEO,2002
872,BMW,2002
873,HYUNDAI,2002
874,Mazda,2002
875,Isuzu,2002
876,RENAULT,2002
877,Chrysler,2002
878,Fiat,2002
879,Mini,2002
880,Jaguar,2002
881,Rover,2002
882,SMART,2002
883,ASTON,2002
884,CHEVROLET,2002
885,Daewoo,2002
886,Daihatsu,2002
887,Daimler,2002
888,FAW,2002
889,FERRARI,2002
890,Honda,2002
891,LEXUS,2002
892,Porsche,2002
893,Suzuki,2002
894,TVR,2002
895,Chrysler,2001
896,Jeep,2001
897,BMW,2001
898,Ford,2001
899,RENAULT,2001
900,Suzuki,2001
901,Audi,2001
902,Daewoo,2001
903,Honda,2001
904,MERCEDES-BENZ,2001
905,MG,2001
906,OPEL,2001
907,Peugeot,2001
908,Porsche,2001
909,Rover,2001
910,Saab,2001
911,Toyota,2001
912,Isuzu,2001
913,Kia,2001
914,MITSUBISHI,2001
915,Fiat,2001
916,Volvo,2001
917,MAZDA,2001
918,ALFA ROMEO,2001
919,CHEVROLET,2001
920,Citroen,2001
921,NISSAN,2001
922,VOLKSWAGEN,2001
923,TVR,2001
924,Daihatsu,2001
925,Hyundai,2001
926,SSANGYONG,2001
927,Subaru,2001
928,ASTON,2001
929,BENTLEY,2001
930,Daimler,2001
931,FAW,2001
932,FERRARI,2001
933,Jaguar,2001
934,Lada,2001
935,LAND ROVER,2001
936,LEXUS,2001
937,LOTUS,2001
938,ALFA ROMEO,2000
939,Audi,2000
940,Daewoo,2000
941,LAND ROVER,2000
942,LEXUS,2000
943,Mazda,2000
944,MERCEDES-BENZ,2000
945,RENAULT,2000
946,Subaru,2000
947,BMW,2000
948,Ford,2000
949,KIA,2000
950,NISSAN,2000
951,Toyota,2000
952,VOLKSWAGEN,2000
953,Volvo,2000
954,Chrysler,2000
955,MITSUBISHI,2000
956,Daihatsu,2000
957,Hyundai,2000
958,LOTUS,2000
959,Peugeot,2000
960,PORSCHE,2000
961,Isuzu,2000
962,Fiat,2000
963,Honda,2000
964,OPEL,2000
965,ASTON,2000
966,BENTLEY,2000
967,Daimler,2000
968,FERRARI,2000
969,Jaguar,2000
970,Jeep,2000
971,LAMBORGHINI,2000
972,Lada,2000
973,NOBLE,2000
974,Saab,2000
975,SSANGYONG,2000
976,Suzuki,2000
977,TVR,2000
978,MERCEDES-BENZ,1999
979,Subaru,1999
980,DAEWOO,1999
981,Kia,1999
982,OPEL,1999
983,SSANGYONG,1999
984,VOLKSWAGEN,1999
985,Toyota,1999
986,RENAULT,1999
987,Audi,1999
988,BMW,1999
989,MITSUBISHI,1999
990,Peugeot,1999
991,Volvo,1999
992,ALFA ROMEO,1999
993,Chrysler,1999
994,Daihatsu,1999
995,LAND ROVER,1999
996,LEXUS,1999
997,NISSAN,1999
998,Ford,1999
999,Hyundai,1999
1000,Jeep,1999
1001,Suzuki,1999
1002,ASTON,1999
1003,BENTLEY,1999
1004,Daimler,1999
1005,FERRARI,1999
1006,Fiat,1999
1007,Honda,1999
1008,Isuzu,1999
1009,Jaguar,1999
1010,MAHINDRA,1999
1011,Mazda,1999
1012,NOBLE,1999
1013,Porsche,1999
1014,Saab,1999
1015,TVR,1999
1016,BMW,1998
1017,Hyundai,1998
1018,NISSAN,1998
1019,VOLKSWAGEN,1998
1020,Audi,1998
1021,MITSUBISHI,1998
1022,Isuzu,1998
1023,Mazda,1998
1024,Subaru,1998
1025,ALFA ROMEO,1998
1026,Ford,1998
1027,MERCEDES-BENZ,1998
1028,Toyota,1998
1029,OPEL,1998
1030,Daewoo,1998
1031,Kia,1998
1032,LAND ROVER,1998
1033,LEXUS,1998
1034,RENAULT,1998
1035,Suzuki,1998
1036,Daihatsu,1998
1037,Daimler,1998
1038,Honda,1998
1039,Jaguar,1998
1040,Peugeot,1998
1041,Volvo,1998
1042,Chrysler,1998
1043,Jeep,1998
1044,Fiat,1998
1045,TVR,1998
1046,Asia,1998
1047,BENTLEY,1998
1048,FERRARI,1998
1049,Lada,1998
1050,Porsche,1998
1051,Saab,1998
1052,SSANGYONG,1998
1053,AUDI,1997
1054,Peugeot,1997
1055,Daihatsu,1997
1056,Ford,1997
1057,Honda,1997
1058,NISSAN,1997
1059,RENAULT,1997
1060,SSANGYONG,1997
1061,Toyota,1997
1062,BMW,1997
1063,Daewoo,1997
1064,Subaru,1997
1065,Mazda,1997
1066,Volvo,1997
1067,Hyundai,1997
1068,Isuzu,1997
1069,Lada,1997
1070,LAND ROVER,1997
1071,MERCEDES-BENZ,1997
1072,OPEL,1997
1073,Porsche,1997
1074,Chrysler,1997
1075,Jeep,1997
1076,MITSUBISHI,1997
1077,ALFA ROMEO,1997
1078,Asia,1997
1079,ASTON,1997
1080,BENTLEY,1997
1081,Dacia,1997
1082,DAIMLER,1997
1083,FERRARI,1997
1084,Fiat,1997
1085,Jaguar,1997
1086,LAMBORGHINI,1997
1087,LEXUS,1997
1088,MASERATI,1997
1089,Saab,1997
1090,Suzuki,1997
1091,VOLKSWAGEN,1997
1092,Daewoo,1996
1093,Hyundai,1996
1094,MERCEDES-BENZ,1996
1095,Peugeot,1996
1096,VOLKSWAGEN,1996
1097,Fiat,1996
1098,LAND ROVER,1996
1099,MITSUBISHI,1996
1100,OPEL,1996
1101,Audi,1996
1102,Chrysler,1996
1103,Ford,1996
1104,Honda,1996
1105,Jeep,1996
1106,NISSAN,1996
1107,Toyota,1996
1108,BMW,1996
1109,Volvo,1996
1110,Isuzu,1996
1111,Subaru,1996
1112,Mazda,1996
1113,Suzuki,1996
1114,ALFA ROMEO,1996
1115,RENAULT,1996
1116,Asia,1996
1117,ASTON,1996
1118,BENTLEY,1996
1119,Dacia,1996
1120,DAIMLER,1996
1121,DODGE,1996
1122,FERRARI,1996
1123,Jaguar,1996
1124,LAMBORGHINI,1996
1125,LEXUS,1996
1126,LOTUS,1996
1127,MASERATI,1996
1128,Porsche,1996
1129,Puma,1996
1130,Saab,1996
1131,SSANGYONG,1996
1132,Ford,1995
1133,Subaru,1995
1134,Saab,1995
1135,SSANGYONG,1995
1136,Toyota,1995
1137,Audi,1995
1138,BMW,1995
1139,Dacia,1995
1140,Fiat,1995
1141,Peugeot,1995
1142,Porsche,1995
1143,VOLKSWAGEN,1995
1144,Mazda,1995
1145,Hyundai,1995
1146,Isuzu,1995
1147,MITSUBISHI,1995
1148,NISSAN,1995
1149,MERCEDES-BENZ,1995
1150,ALFA ROMEO,1995
1151,ASTON,1995
1152,BENTLEY,1995
1153,DAIMLER,1995
1154,DODGE,1995
1155,FERRARI,1995
1156,Honda,1995
1157,Jaguar,1995
1158,LAMBORGHINI,1995
1159,Lancia,1995
1160,LAND ROVER,1995
1161,LEXUS,1995
1162,LOTUS,1995
1163,MASERATI,1995
1164,OPEL,1995
1165,Puma,1995
1166,RANGE ROVER,1995
1167,SUZUKI,1995
1168,Volvo,1995
1169,MITSUBISHI,1994
1170,Fiat,1994
1171,Hyundai,1994
1172,Subaru,1994
1173,Audi,1994
1174,Suzuki,1994
1175,Isuzu,1994
1176,MERCEDES-BENZ,1994
1177,OPEL,1994
1178,Porsche,1994
1179,Toyota,1994
1180,Volvo,1994
1181,VOLKSWAGEN,1994
1182,NISSAN,1994
1183,BMW,1994
1184,Ford,1994
1185,Mazda,1994
1186,FERRARI,1994
1187,Honda,1994
1188,ALFA ROMEO,1994
1189,ASTON,1994
1190,BENTLEY,1994
1191,DAIMLER,1994
1192,DODGE,1994
1193,JAGUAR,1994
1194,LAMBORGHINI,1994
1195,LANCIA,1994
1196,LAND ROVER,1994
1197,LEXUS,1994
1198,LOTUS,1994
1199,MASERATI,1994
1200,Puma,1994
1201,RANGE ROVER,1994
1202,Hyundai,1993
1203,Mazda,1993
1204,MERCEDES-BENZ,1993
1205,NISSAN,1993
1206,OPEL,1993
1207,Toyota,1993
1208,BMW,1993
1209,FERRARI,1993
1210,Isuzu,1993
1211,Porsche,1993
1212,VOLKSWAGEN,1993
1213,Ford,1993
1214,Fiat,1993
1215,SUZUKI,1993
1216,ALFA ROMEO,1993
1217,Honda,1993
1218,LEXUS,1993
1219,LAND ROVER,1993
1220,RANGE ROVER,1993
1221,ASTON,1993
1222,Audi,1993
1223,BENTLEY,1993
1224,DAIMLER,1993
1225,Jaguar,1993
1226,LAMBORGHINI,1993
1227,LANCIA,1993
1228,LOTUS,1993
1229,MASERATI,1993
1230,MITSUBISHI,1993
1231,Puma,1993
1232,Subaru,1993
1233,Ford,1992
1234,LAND ROVER,1992
1235,MASERATI,1992
1236,Mazda,1992
1237,Porsche,1992
1238,Subaru,1992
1239,Toyota,1992
1240,VOLKSWAGEN,1992
1241,MERCEDES-BENZ,1992
1242,NISSAN,1992
1243,OPEL,1992
1244,LAMBORGHINI,1992
1245,Honda,1992
1246,Lancia,1992
1247,MITSUBISHI,1992
1248,Isuzu,1992
1249,ASTON,1992
1250,Audi,1992
1251,BMW,1992
1252,Fiat,1992
1253,Jaguar,1992
1254,BENTLEY,1992
1255,DAIMLER,1992
1256,FERRARI,1992
1257,LOTUS,1992
1258,Puma,1992
1259,RANGE ROVER,1992
1260,OPEL,1991
1261,Toyota,1991
1262,Ford,1991
1263,Mazda,1991
1264,NISSAN,1991
1265,PORSCHE,1991
1266,Isuzu,1991
1267,LAND ROVER,1991
1268,RANGE ROVER,1991
1269,BMW,1991
1270,Honda,1991
1271,MERCEDES-BENZ,1991
1272,Audi,1991
1273,BENTLEY,1991
1274,DAIMLER,1991
1275,FERRARI,1991
1276,Fiat,1991
1277,Jaguar,1991
1278,LAMBORGHINI,1991
1279,Lancia,1991
1280,LADA,1991
1281,LOTUS,1991
1282,MASERATI,1991
1283,MITSUBISHI,1991
1284,Puma,1991
1285,Rogue,1991
1286,SVM,1991
1287,VOLKSWAGEN,1991
1288,BMW,1990
1289,Ford,1990
1290,Rogue,1990
1291,Toyota,1990
1292,VOLKSWAGEN,1990
1293,Isuzu,1990
1294,NISSAN,1990
1295,OPEL,1990
1296,MAZDA,1990
1297,MERCEDES-BENZ,1990
1298,Porsche,1990
1299,SVM,1990
1300,Fiat,1990
1301,RANGE ROVER,1990
1302,DAIMLER,1990
1303,Jaguar,1990
1304,MASERATI,1990
1305,FERRARI,1990
1306,Lancia,1990
1307,ALFA ROMEO,1990
1308,LAND ROVER,1990
1309,Audi,1990
1310,BENTLEY,1990
1311,HONDA,1990
1312,LAMBORGHINI,1990
1313,LADA,1990
1314,LOTUS,1990
1315,MITSUBISHI,1990
1316,Puma,1990
1317,Mazda,1989
1318,NISSAN,1989
1319,Porsche,1989
1320,VOLKSWAGEN,1989
1321,Lancia,1989
1322,OPEL,1989
1323,Rogue,1989
1324,Ford,1989
1325,Isuzu,1989
1326,Toyota,1989
1327,FERRARI,1989
1328,Lotus,1989
1329,BMW,1989
1330,MERCEDES-BENZ,1989
1331,Honda,1989
1332,Audi,1989
1333,BENTLEY,1989
1334,Daimler,1989
1335,Jaguar,1989
1336,LAMBORGHINI,1989
1337,LADA,1989
1338,LAND ROVER,1989
1339,MASERATI,1989
1340,MITSUBISHI,1989
1341,Puma,1989
1342,Suzuki,1989
1343,Audi,1988
1344,LADA,1988
1345,MAZDA,1988
1346,Toyota,1988
1347,VOLKSWAGEN,1988
1348,Ford,1988
1349,OPEL,1988
1350,Isuzu,1988
1351,LAND ROVER,1988
1352,MASERATI,1988
1353,NISSAN,1988
1354,BMW,1988
1355,Puma,1988
1356,Lancia,1988
1357,MITSUBISHI,1988
1358,Rogue,1988
1359,BENTLEY,1988
1360,Daimler,1988
1361,FERRARI,1988
1362,Honda,1988
1363,Jaguar,1988
1364,LAMBORGHINI,1988
1365,LOTUS,1988
1366,MERCEDES-BENZ,1988
1367,Suzuki,1988
1368,OPEL,1987
1369,Ford,1987
1370,Mazda,1987
1371,MERCEDES-BENZ,1987
1372,NISSAN,1987
1373,Toyota,1987
1374,Daimler,1987
1375,Honda,1987
1376,LANCIA,1987
1377,VOLKSWAGEN,1987
1378,Audi,1987
1379,Isuzu,1987
1380,BMW,1987
1381,Suzuki,1987
1382,LAND ROVER,1987
1383,Jaguar,1987
1384,BENTLEY,1987
1385,FERRARI,1987
1386,LAMBORGHINI,1987
1387,LOTUS,1987
1388,MITSUBISHI,1987
1389,Puma,1987
1390,OPEL,1986
1391,VOLKSWAGEN,1986
1392,Mazda,1986
1393,BMW,1986
1394,Isuzu,1986
1395,LAND ROVER,1986
1396,MERCEDES-BENZ,1986
1397,TOYOTA,1986
1398,Lancia,1986
1399,Ford,1986
1400,Suzuki,1986
1401,NISSAN,1986
1402,MMI,1986
1403,AUDI,1986
1404,BENTLEY,1986
1405,DAIMLER,1986
1406,FERRARI,1986
1407,Honda,1986
1408,JAGUAR,1986
1409,LAMBORGHINI,1986
1410,LOTUS,1986
1411,MITSUBISHI,1986
1412,Puma,1986
1413,TOYOTA,1985
1414,Mazda,1985
1415,VOLKSWAGEN,1985
1416,Honda,1985
1417,LOTUS,1985
1418,NISSAN,1985
1419,Audi,1985
1420,Ford,1985
1421,RENAULT,1985
1422,BMW,1985
1423,OPEL,1985
1424,MITSUBISHI,1985
1425,BENTLEY,1985
1426,DAIMLER,1985
1427,FERRARI,1985
1428,Isuzu,1985
1429,JAGUAR,1985
1430,LAMBORGHINI,1985
1431,Lancia,1985
1432,LAND ROVER,1985
1433,MASERATI,1985
1434,MERCEDES-BENZ,1985
1435,PEUGEOT,1985
1436,Puma,1985
1437,Suzuki,1985
1438,TOYOTA,1984
1439,Mazda,1984
1440,NISSAN,1984
1441,VOLKSWAGEN,1984
1442,BMW,1984
1443,Honda,1984
1444,RENAULT,1984
1445,Peugeot,1984
1446,ALFA ROMEO,1984
1447,Ford,1984
1448,Daihatsu,1984
1449,OPEL,1984
1450,Audi,1984
1451,BENTLEY,1984
1452,DAIMLER,1984
1453,FERRARI,1984
1454,Isuzu,1984
1455,JAGUAR,1984
1456,LAMBORGHINI,1984
1457,Lancia,1984
1458,LAND ROVER,1984
1459,MASERATI,1984
1460,MERCEDES-BENZ,1984
1461,MITSUBISHI,1984
1462,Puma,1984
1463,RANGE ROVER,1984
1464,Suzuki,1984
1465,AUDI,1983
1466,FORD,1983
1467,NISSAN,1983
1468,ALFA ROMEO,1983
1469,BMW,1983
1470,ISUZU,1983
1471,MITSUBISHI,1983
1472,HONDA,1983
1473,VOLKSWAGEN,1983
1474,JAGUAR,1983
1475,MAZDA,1983
1476,RENAULT,1983
1477,DAIHATSU,1983
1478,TOYOTA,1983
1479,MERCEDES-BENZ,1983
1480,FERRARI,1983
1481,FIAT,1983
1482,LAMBORGHINI,1983
1483,LAND ROVER,1983
1484,MASERATI,1983
1485,OPEL,1983
1486,PEUGEOT,1983
1487,ROVER,1983
1488,MAZDA,1982
1489,OPEL,1982
1490,ALFA ROMEO,1982
1491,HONDA,1982
1492,NISSAN,1982
1493,TOYOTA,1982
1494,VOLKSWAGEN,1982
1495,ROVER,1982
1496,MITSUBISHI,1982
1497,FORD,1982
1498,PEUGEOT,1982
1499,RENAULT,1982
1500,CHEVROLET,1982
1501,BMW,1982
1502,AUDI,1982
1503,FERRARI,1982
1504,FIAT,1982
1505,ISUZU,1982
1506,LAMBORGHINI,1982
1507,LAND ROVER,1982
1508,MERCEDES-BENZ,1982
1509,MAZDA,1981
1510,PEUGEOT,1981
1511,VOLKSWAGEN,1981
1512,TOYOTA,1981
1513,ISUZU,1981
1514,FORD,1981
1515,NISSAN,1981
1516,OPEL,1981
1517,BMW,1981
1518,CHEVROLET,1981
1519,MERCEDES-BENZ,1981
1520,AUDI,1981
1521,ALFA ROMEO,1981
1522,FERRARI,1981
1523,FIAT,1981
1524,LAND ROVER,1981
1525,MITSUBISHI,1981
1526,RENAULT,1981
1527,ROVER,1981
1528,VOLKSWAGEN,1980
1529,ALFA ROMEO,1980
1530,BMW,1980
1531,CHEVROLET,1980
1532,FORD,1980
1533,PEUGEOT,1980
1534,TOYOTA,1980
1535,NISSAN,1980
1536,RENAULT,1980
1537,OPEL,1980
1538,MITSUBISHI,1980
1539,AUDI,1980
1540,FERRARI,1980
1541,FIAT,1980
1542,ISUZU,1980
1543,LAND ROVER,1980
1544,MAZDA,1980
1545,MERCEDES-BENZ,1980
1546,ROVER,1980
1547,FORD,1979
1548,TOYOTA,1979
1549,FIAT,1979
1550,FERRARI,1979
1551,MERCEDES-BENZ,1979
1552,NISSAN,1979
1553,VOLKSWAGEN,1979
1554,TOYOTA,1978
1555,FIAT,1978
1556,FORD,1978
1557,MERCEDES-BENZ,1978
1558,NISSAN,1978
1559,VOLKSWAGEN,1978
1560,FORD,1977
1561,TOYOTA,1977
1562,MERCEDES-BENZ,1977
1563,FIAT,1977
1564,NISSAN,1977
1565,VOLKSWAGEN,1977
1566,NISSAN,1976
1567,TOYOTA,1976
1568,FIAT,1976
1569,FORD,1976
1570,VOLKSWAGEN,1976
1571,VOLKSWAGEN,1975
1572,TOYOTA,1975
1573,FIAT,1975
1574,FORD,1975
1575,NISSAN,1975
1576,FIAT,1974
1577,FORD,1974
1578,DATSUN,1974
1579,NISSAN,1974
1580,TOYOTA,1974
1581,FIAT,1973
1582,FORD,1973
1583,DATSUN,1973
1584,NISSAN,1973
1585,TOYOTA,1973
1586,DATSUN,1972
1587,FORD,1972
1588,NISSAN,1972
1589,TOYOTA,1972
1590,DATSUN,1971
1591,FERRARI,1971
1592,FORD,1971
1593,NISSAN,1971
1594,TOYOTA,1971
1595,FERRARI,1970
1596,TOYOTA,1970
1597,FERRARI,1969
1598,TOYOTA,1969
1599,TOYOTA,1968
1600,VOLVO,1967
1601,TOYOTA,1967
1602,TOYOTA,1966
1603,VOLVO,1965
1604,BMW,1960
1605,Toyota,1960
